Title,Link
Reli Dolar AS Berlanjut Meski Sepi Katalis Positif,https://www.inbizia.com/reli-dolar-as-berlanjut-meski-sepi-katalis-positif-294726
"Harga Minyak Meroket, Analis Ingatkan Risiko Koreksi",https://www.inbizia.com/harga-minyak-meroket-analis-ingatkan-risiko-koreksi-294725
"Ekonomi Melambat, Sektor Manufaktur China Kembali Berkontraksi",https://www.inbizia.com/ekonomi-melambat-sektor-manufaktur-china-kembali-berkontraksi-294722
"Pasar Sangsikan Pernyataan Powell, Dolar Tertekan",https://www.inbizia.com/pasar-sangsikan-pernyataan-powell-dolar-tertekan-294718
AUD/USD Tertekan Data Inflasi Konsumen,https://www.inbizia.com/audusd-tertekan-data-inflasi-konsumen-294716
"BUMN China Kompak Jual Dolar, USD/CNY Turun",https://www.inbizia.com/bumn-china-kompak-jual-dolar-usdcny-turun-294714
Harga Minyak Melemah Terbatas Jelang Rapat FOMC dan ECB,https://www.inbizia.com/harga-minyak-melemah-terbatas-jelang-rapat-fomc-dan-ecb-294709
Dolar AS Menguat Berkat Klaim Pengangguran,https://www.inbizia.com/dolar-as-menguat-berkat-klaim-pengangguran-294705
AUD/USD Meroket Berkat Employment Change Australia,https://www.inbizia.com/audusd-meroket-berkat-employment-change-australia-294703
"Data Inflasi Inggris Picu Aksi Profit Taking, GBP/USD Merosot",https://www.inbizia.com/data-inflasi-inggris-picu-aksi-profit-taking-gbpusd-merosot-294701
